{"cameraMode":{"drawMode":0,"name":"Shaded","section":"Shading Mode"},"sceneLighting":true,"audioPlay":false,"sceneViewState":{"showFog":true,"showMaterialUpdate":false,"showSkybox":false,"showFlares":true,"showImageEffects":true,"showParticleSystems":true},"in2DMode":false,"pivot":{"x":-0.016574859619140626,"y":0.5040988922119141,"z":0.0},"rotation":{"x":0.03398614004254341,"y":-0.9380618333816528,"z":0.33109939098358157,"w":0.09629208594560623},"size":83.08150482177735,"orthographic":false}