{"cameraMode":{"drawMode":0,"name":"Shaded","section":"Shading Mode"},"sceneLighting":false,"audioPlay":false,"sceneViewState":{"showFog":true,"showMaterialUpdate":false,"showSkybox":true,"showFlares":true,"showImageEffects":true,"showParticleSystems":true},"in2DMode":false,"pivot":{"x":-1.9877147674560547,"y":-0.044909000396728519,"z":9.263899803161621},"rotation":{"x":0.016146382316946985,"y":0.9837285876274109,"z":-0.14143380522727967,"w":0.11110188812017441},"size":9.109563827514649,"orthographic":false}