{"cameraMode":{"drawMode":0,"name":"Shaded","section":"Shading Mode"},"sceneLighting":false,"audioPlay":false,"sceneViewState":{"showFog":true,"showMaterialUpdate":false,"showSkybox":true,"showFlares":true,"showImageEffects":true,"showParticleSystems":true},"in2DMode":false,"pivot":{"x":959.5352783203125,"y":363.78302001953127,"z":-98.55267333984375},"rotation":{"x":0.03631489351391792,"y":0.0006334727513603866,"z":0.0004357467405498028,"w":0.9995859265327454},"size":1252.857177734375,"orthographic":false}